namingSystem,name,details
default,96 well plate,PIMS default category
default,48 well plate,PIMS default category
default,24 well plate,PIMS default category
default,48 deep well plate,PIMS default category
default,96 deep well plate,PIMS default category
default,card,PIMS default category
default,Box,PIMS default category
default,Clone saver card,PIMS default category
,Screen,PIMS default category for screen
,Additive,Sub category of screen
,Optimization,Sub category of screen
,SparseMatrix,Sub category of screen
,TrialPlate,PIMS default category for Crystal Trial
