 <screen>
  <screenName>Stura Footprint plus solubility buffer screen x2</screenName>
  <screenSupplier>Molecular Dimensions Ltd</screenSupplier>
  <screenCatNum>MD1-20</screenCatNum>
  <screenDetails>2 copies of 48 conditions. Stura First Footprint screen wells A-D 1-6 and 7-12. Solubility buffer screen wells E-H 1-6 and 7-12.  The Stura 'First Footprint' screen is limited to three pH values (5.5, 7.0, and 8.50) and two precipitant classes (Polyethylene glycols and salts) at four concentrations.
  </screenDetails>
  <screenReference>Stura E.A., Nemerow G.R., Wilson I.A (1992) Strategies in the crystallization of glycoproteiens and protein complexes. Journal of Crystal Growth 122:273-285</screenReference>
  <screenNumberOfSolutions>96</screenNumberOfSolutions>
  <solutions>
   <solution>
    <solutionId>1-1</solutionId>
    <localNum>A01</localNum>
    <components>
     <component name="Polyethylene glycol 600" type="precipitant" concentration="15" concentrationUnits="Percent v/v" />
     <component name="Imidazole malate" type="buffer" concentration="0.2" concentrationUnits="M" pH="5.5" />
    </components>
   </solution>
   <solution>
    <solutionId>2-1</solutionId>
    <localNum>B01</localNum>
    <components>
     <component name="Polyethylene glycol 600" type="precipitant" concentration="24" concentrationUnits="Percent v/v" />
     <component name="Imidazole malate" type="buffer" concentration="0.2" concentrationUnits="M" pH="5.5" />
    </components>
   </solution>
   <solution>
    <solutionId>3-1</solutionId>
    <localNum>C01</localNum>
    <components>
     <component name="Polyethylene glycol 600" type="precipitant" concentration="33" concentrationUnits="Percent v/v" />
     <component name="Imidazole malate" type="buffer" concentration="0.2" concentrationUnits="M" pH="5.5" />
    </components>
   </solution>
   <solution>
    <solutionId>4-1</solutionId>
    <localNum>D01</localNum>
    <components>
     <component name="Polyethylene glycol 600" type="precipitant" concentration="42" concentrationUnits="Percent v/v" />
     <component name="Imidazole malate" type="buffer" concentration="0.2" concentrationUnits="M" pH="5.5" />
    </components>
   </solution>
   <solution>
    <solutionId>5-1</solutionId>
    <localNum>A02</localNum>
    <components>
     <component name="Polyethylene glycol 4000" type="precipitant" concentration="10" concentrationUnits="Percent w/v" />
     <component name="Imidazole malate" type="buffer" concentration="0.2" concentrationUnits="M" pH="7.0" />
    </components>
   </solution>
   <solution>
    <solutionId>6-1</solutionId>
    <localNum>B02</localNum>
    <components>
     <component name="Polyethylene glycol 4000" type="precipitant" concentration="15" concentrationUnits="Percent w/v" />
     <component name="Imidazole malate" type="buffer" concentration="0.2" concentrationUnits="M" pH="7.0" />
    </components>
   </solution>
   <solution>
    <solutionId>7-1</solutionId>
    <localNum>C02</localNum>
    <components>
     <component name="Polyethylene glycol 4000" type="precipitant" concentration="20" concentrationUnits="Percent w/v" />
     <component name="Imidazole malate" type="buffer" concentration="0.2" concentrationUnits="M" pH="7.0" />
    </components>
   </solution>
   <solution>
    <solutionId>8-1</solutionId>
    <localNum>D02</localNum>
    <components>
     <component name="Polyethylene glycol 4000" type="precipitant" concentration="25" concentrationUnits="Percent w/v" />
     <component name="Imidazole malate" type="buffer" concentration="0.2" concentrationUnits="M" pH="7.0" />
    </components>
   </solution>
   <solution>
    <solutionId>9-1</solutionId>
    <localNum>A03</localNum>
    <components>
     <component name="Polyethylene glycol 10,000" type="precipitant" concentration="7.5" concentrationUnits="Percent w/v" />
     <component name="Imidazole malate" type="buffer" concentration="0.2" concentrationUnits="M" pH="8.5" />
    </components>
   </solution>
   <solution>
    <solutionId>10-1</solutionId>
    <localNum>B03</localNum>
    <components>
     <component name="Polyethylene glycol 10,000" type="precipitant" concentration="12.5" concentrationUnits="Percent w/v" />
     <component name="Imidazole malate" type="buffer" concentration="0.2" concentrationUnits="M" pH="8.5" />
    </components>
   </solution>
   <solution>
    <solutionId>11-1</solutionId>
    <localNum>C03</localNum>
    <components>
     <component name="Polyethylene glycol 10,000" type="precipitant" concentration="17.5" concentrationUnits="Percent w/v" />
     <component name="Imidazole malate" type="buffer" concentration="0.2" concentrationUnits="M" pH="8.5" /> 
    </components>
   </solution>
   <solution>
    <solutionId>12-1</solutionId>
    <localNum>D03</localNum>
    <components>
     <component name="Polyethylene glycol 10,000" type="precipitant" concentration="22.5" concentrationUnits="Percent w/v" />
     <component name="Imidazole malate" type="buffer" concentration="0.2" concentrationUnits="M" pH="8.5" />   
    </components>
   </solution>
   <solution>
    <solutionId>13-1</solutionId>
    <localNum>A04</localNum>
    <components>
     <component name="Ammonium sulphate" type="precipitant" concentration="0.75" concentrationUnits="M" />
     <component name="Sodium citrate" type="buffer" concentration="0.15" concentrationUnits="M" pH="5.5" />
    </components>
   </solution>
   <solution>
    <solutionId>14-1</solutionId>
    <localNum>B04</localNum>
    <components>
     <component name="Ammonium sulphate" type="precipitant" concentration="1.0" concentrationUnits="M" />
     <component name="Sodium citrate" type="buffer" concentration="0.15" concentrationUnits="M" pH="5.5" />   
    </components>
   </solution>
   <solution>
    <solutionId>15-1</solutionId>
    <localNum>C04</localNum>
    <components>
     <component name="Ammonium sulphate" type="precipitant" concentration="1.5" concentrationUnits="M" />
     <component name="Sodium citrate" type="buffer" concentration="0.15" concentrationUnits="M" pH="5.5" />
    </components>
   </solution>
   <solution>
    <solutionId>16-1</solutionId>
    <localNum>D04</localNum>
    <components>
     <component name="Ammonium sulphate" type="precipitant" concentration="2.0" concentrationUnits="M" />
     <component name="Sodium citrate" type="buffer" concentration="0.15" concentrationUnits="M" pH="5.5" />
    </components>
   </solution>
   <solution>
    <solutionId>17-1</solutionId>
    <localNum>A05</localNum>
    <components>
     <component name="Sodium di-Hydrogen Phosphate" type="buffer" concentration="0.8" concentrationUnits="M" pH="7.0" />
     <component name="di-Potassium Hydrogen Phosphate" type="buffer" concentration="0.8" concentrationUnits="M" pH="7.0" />
    </components>
   </solution>
   <solution>
    <solutionId>18-1</solutionId>
    <localNum>B05</localNum>
    <components>
     <component name="Sodium di-Hydrogen Phosphate" type="buffer" concentration="0.8" concentrationUnits="M" pH="7.0" />
     <component name="di-Potassium Hydrogen Phosphate" type="buffer" concentration="0.8" concentrationUnits="M" pH="7.0" />
    </components>
   </solution>
   <solution>
    <solutionId>19-1</solutionId>
    <localNum>C05</localNum>
    <components>
     <component name="Sodium di-Hydrogen Phosphate" type="buffer" concentration="0.8" concentrationUnits="M" pH="7.0" />
     <component name="di-Potassium Hydrogen Phosphate" type="buffer" concentration="0.8" concentrationUnits="M" pH="7.0" />
    </components>
   </solution>
   <solution>
    <solutionId>20-1</solutionId>
    <localNum>D05</localNum>
    <components>
     <component name="Sodium di-Hydrogen Phosphate" type="buffer" concentration="0.8" concentrationUnits="M" pH="7.0" />
     <component name="di-Potassium Hydrogen Phosphate" type="buffer" concentration="0.8" concentrationUnits="M" pH="7.0" />
    </components>
   </solution>
   <solution>
    <solutionId>21-1</solutionId>
    <localNum>A06</localNum>
    <components>
     <component name="tri-Sodium Citrate" type="precipitant" concentration="0.75" concentrationUnits="M" />
     <component name="Sodium Borate" type="buffer" concentration="0.01" concentrationUnits="M" pH="8.5" />
    </components>
   </solution>
   <solution>
    <solutionId>22-1</solutionId>
    <localNum>B06</localNum>
    <components>
     <component name="tri-Sodium Citrate" type="precipitant" concentration="1.0" concentrationUnits="M" />
     <component name="Sodium Borate" type="buffer" concentration="0.01" concentrationUnits="M" pH="8.5" />
    </components>
   </solution>
   <solution>
    <solutionId>23-1</solutionId>
    <localNum>C06</localNum>
    <components>
     <component name="tri-Sodium Citrate" type="precipitant" concentration="1.2" concentrationUnits="M" />
     <component name="Sodium Borate" type="buffer" concentration="0.01" concentrationUnits="M" pH="8.5" />
    </components>
   </solution>
   <solution>
    <solutionId>24-1</solutionId>
    <localNum>D06</localNum>
    <components>
     <component name="tri-Sodium Citrate" type="precipitant" concentration="1.5" concentrationUnits="M" />
     <component name="Sodium borate" type="buffer" concentration="0.01" concentrationUnits="M" pH="8.5" />
    </components>
   </solution>
   <solution>
    <solutionId>A1</solutionId>
    <localNum>E01</localNum>
    <components>
     <component name="Acetate" type="buffer" concentration="0.1" concentrationUnits="M" pH="4.2" />
    </components>
   </solution>
   <solution>
    <solutionId>A2</solutionId>
    <localNum>E02</localNum>
    <components>
     <component name="Acetate" type="buffer" concentration="0.1" concentrationUnits="M" pH="4.6" />
    </components>
   </solution>
   <solution>
    <solutionId>A3</solutionId>
    <localNum>E03</localNum>
    <components>
     <component name="Acetate" type="buffer" concentration="0.1" concentrationUnits="M" pH="5.0" />
    </components>
   </solution>
   <solution>
    <solutionId>A4</solutionId>
    <localNum>E04</localNum>
    <components>
     <component name="Imidazole" type="buffer" concentration="0.1" concentrationUnits="M" pH="5.5" />
    </components>
   </solution>
   <solution>
    <solutionId>A5</solutionId>
    <localNum>E05</localNum>
    <components>
     <component name="Citrate" type="buffer" concentration="0.1" concentrationUnits="M" pH="5.6" />
    </components>
   </solution>
   <solution>
    <solutionId>A6</solutionId>
    <localNum>E06</localNum>
    <components>
     <component name="Acetate" type="buffer" concentration="0.1" concentrationUnits="M" pH="6.0" />
    </components>
   </solution>
   <solution>
    <solutionId>B1</solutionId>
    <localNum>F01</localNum>
    <components>
     <component name="bis-Tris" type="buffer" concentration="0.1" concentrationUnits="M" pH="6.1" />
    </components>
   </solution>
   <solution>
    <solutionId>B2</solutionId>
    <localNum>F02</localNum>
    <components>
     <component name="PIPES" type="buffer" concentration="0.1" concentrationUnits="M" pH="6.5" />
    </components>
   </solution>
   <solution>
    <solutionId>B3</solutionId>
    <localNum>F03</localNum>
    <components>
     <component name="MES" type="buffer" concentration="0.1" concentrationUnits="M" pH="6.5" />
    </components>
   </solution>
   <solution>
    <solutionId>B4</solutionId>
    <localNum>F04</localNum>
    <components>
     <component name="Sodium Cacodylate" type="buffer" concentration="0.1" concentrationUnits="M" pH="6.5" />
    </components>
   </solution>
   <solution>
    <solutionId>B5</solutionId>
    <localNum>F05</localNum>
    <components>
     <component name="bis-Tris Propane" type="buffer" concentration="0.1" concentrationUnits="M" pH="7.0" />
    </components>
   </solution>
   <solution>
    <solutionId>B6</solutionId>
    <localNum>F06</localNum>
    <components>
     <component name="MOPS" type="buffer" concentration="0.1" concentrationUnits="M" pH="7.0" />
    </components>
   </solution>

   <solution>
    <solutionId>C1</solutionId>
    <localNum>G01</localNum>
    <components>
     <component name="Imidazole" type="buffer" concentration="0.1" concentrationUnits="M" pH="7.0" />
    </components>
   </solution>
   <solution>
    <solutionId>C2</solutionId>
    <localNum>G02</localNum>
    <components>
     <component name="Triethanolamine" type="buffer" concentration="0.1" concentrationUnits="M" pH="7.5" />
    </components>
   </solution>
   <solution>
    <solutionId>C3</solutionId>
    <localNum>G03</localNum>
    <components>
     <component name="HEPES" type="buffer" concentration="0.1" concentrationUnits="M" pH="7.5" />
    </components>
   </solution>
   <solution>
    <solutionId>C4</solutionId>
    <localNum>G04</localNum>
    <components>
     <component name="Sodium di-Hydrogen Phosphate" type="buffer" concentration="0.1" concentrationUnits="M" pH="7.5" />
     <component name="di-Potassium Hydrogen Phosphate" type="buffer" concentration="0.1" concentrationUnits="M" pH="7.5" />
    </components>
   </solution>
   <solution>
    <solutionId>C5</solutionId>
    <localNum>G05</localNum>
    <components>
     <component name="Tris" type="buffer" concentration="0.1" concentrationUnits="M" pH="8.0" />
    </components>
   </solution>
   <solution>
    <solutionId>C6</solutionId>
    <localNum>G06</localNum>
    <components>
     <component name="Imidazole" type="buffer" concentration="0.1" concentrationUnits="M" pH="6.0" />
    </components>
   </solution>
   <solution>
    <solutionId>D1</solutionId>
    <localNum>H01</localNum>
    <components>
     <component name="Tris" type="buffer" concentration="0.1" concentrationUnits="M" pH="8.5" />
    </components>
   </solution>
   <solution>
    <solutionId>D2</solutionId>
    <localNum>H02</localNum>
    <components>
     <component name="Tricine" type="buffer" concentration="0.1" concentrationUnits="M" pH="8.5" />
    </components>
   </solution>
   <solution>
    <solutionId>D3</solutionId>
    <localNum>H03</localNum>
    <components>
     <component name="EPPS" type="buffer" concentration="0.1" concentrationUnits="M" pH="8.5" />
    </components>
   </solution>
   <solution>
    <solutionId>D4</solutionId>
    <localNum>H04</localNum>
    <components>
     <component name="CHES" type="buffer" concentration="0.1" concentrationUnits="M" pH="9.0" />
    </components>
   </solution>
   <solution>
    <solutionId>D5</solutionId>
    <localNum>H05</localNum>
    <components>
     <component name="CHES" type="buffer" concentration="0.1" concentrationUnits="M" pH="9.5" />
    </components>
   </solution>
   <solution>
    <solutionId>D6</solutionId>
    <localNum>H06</localNum>
    <components>
     <component name="CAPS" type="buffer" concentration="0.1" concentrationUnits="M" pH="10.0" />
    </components>
   </solution>

   <solution>
    <solutionId>1-1</solutionId>
    <localNum>A07</localNum>
    <components>
     <component name="Polyethylene glycol 600" type="precipitant" concentration="15" concentrationUnits="Percent v/v" />
     <component name="Imidazole malate" type="buffer" concentration="0.2" concentrationUnits="M" pH="5.5" />
    </components>
   </solution>
   <solution>
    <solutionId>2-1</solutionId>
    <localNum>B07</localNum>
    <components>
     <component name="Polyethylene glycol 600" type="precipitant" concentration="24" concentrationUnits="Percent v/v" />
     <component name="Imidazole malate" type="buffer" concentration="0.2" concentrationUnits="M" pH="5.5" />
    </components>
   </solution>
   <solution>
    <solutionId>3-1</solutionId>
    <localNum>C07</localNum>
    <components>
     <component name="Polyethylene glycol 600" type="precipitant" concentration="33" concentrationUnits="Percent v/v" />
     <component name="Imidazole malate" type="buffer" concentration="0.2" concentrationUnits="M" pH="5.5" />
    </components>
   </solution>
   <solution>
    <solutionId>4-1</solutionId>
    <localNum>D07</localNum>
    <components>
     <component name="Polyethylene glycol 600" type="precipitant" concentration="42" concentrationUnits="Percent v/v" />
     <component name="Imidazole malate" type="buffer" concentration="0.2" concentrationUnits="M" pH="5.5" />
    </components>
   </solution>
   <solution>
    <solutionId>5-1</solutionId>
    <localNum>A08</localNum>
    <components>
     <component name="Polyethylene glycol 4000" type="precipitant" concentration="10" concentrationUnits="Percent w/v" />
     <component name="Imidazole malate" type="buffer" concentration="0.2" concentrationUnits="M" pH="7.0" />
    </components>
   </solution>
   <solution>
    <solutionId>6-1</solutionId>
    <localNum>B08</localNum>
    <components>
     <component name="Polyethylene glycol 4000" type="precipitant" concentration="15" concentrationUnits="Percent w/v" />
     <component name="Imidazole malate" type="buffer" concentration="0.2" concentrationUnits="M" pH="7.0" />
    </components>
   </solution>
   <solution>
    <solutionId>7-1</solutionId>
    <localNum>C08</localNum>
    <components>
     <component name="Polyethylene glycol 4000" type="precipitant" concentration="20" concentrationUnits="Percent w/v" />
     <component name="Imidazole malate" type="buffer" concentration="0.2" concentrationUnits="M" pH="7.0" />
    </components>
   </solution>
   <solution>
    <solutionId>8-1</solutionId>
    <localNum>D08</localNum>
    <components>
     <component name="Polyethylene glycol 4000" type="precipitant" concentration="25" concentrationUnits="Percent w/v" />
     <component name="Imidazole malate" type="buffer" concentration="0.2" concentrationUnits="M" pH="7.0" />
    </components>
   </solution>
   <solution>
    <solutionId>9-1</solutionId>
    <localNum>A09</localNum>
    <components>
     <component name="Polyethylene glycol 10,000" type="precipitant" concentration="7.5" concentrationUnits="Percent w/v" />
     <component name="Imidazole malate" type="buffer" concentration="0.2" concentrationUnits="M" pH="8.5" />
    </components>
   </solution>
   <solution>
    <solutionId>10-1</solutionId>
    <localNum>B09</localNum>
    <components>
     <component name="Polyethylene glycol 10,000" type="precipitant" concentration="12.5" concentrationUnits="Percent w/v" />
     <component name="Imidazole malate" type="buffer" concentration="0.2" concentrationUnits="M" pH="8.5" />
    </components>
   </solution>
   <solution>
    <solutionId>11-1</solutionId>
    <localNum>C09</localNum>
    <components>
     <component name="Polyethylene glycol 10,000" type="precipitant" concentration="17.5" concentrationUnits="Percent w/v" />
     <component name="Imidazole malate" type="buffer" concentration="0.2" concentrationUnits="M" pH="8.5" /> 
    </components>
   </solution>
   <solution>
    <solutionId>12-1</solutionId>
    <localNum>D09</localNum>
    <components>
     <component name="Polyethylene glycol 10,000" type="precipitant" concentration="22.5" concentrationUnits="Percent w/v" />
     <component name="Imidazole malate" type="buffer" concentration="0.2" concentrationUnits="M" pH="8.5" />   
    </components>
   </solution>
   <solution>
    <solutionId>13-1</solutionId>
    <localNum>A10</localNum>
    <components>
     <component name="Ammonium sulphate" type="precipitant" concentration="0.75" concentrationUnits="M" />
     <component name="Sodium citrate" type="buffer" concentration="0.15" concentrationUnits="M" pH="5.5" />
    </components>
   </solution>
   <solution>
    <solutionId>14-1</solutionId>
    <localNum>B10</localNum>
    <components>
     <component name="Ammonium sulphate" type="precipitant" concentration="1.0" concentrationUnits="M" />
     <component name="Sodium citrate" type="buffer" concentration="0.15" concentrationUnits="M" pH="5.5" />   
    </components>
   </solution>
   <solution>
    <solutionId>15-1</solutionId>
    <localNum>C10</localNum>
    <components>
     <component name="Ammonium sulphate" type="precipitant" concentration="1.5" concentrationUnits="M" />
     <component name="Sodium citrate" type="buffer" concentration="0.15" concentrationUnits="M" pH="5.5" />
    </components>
   </solution>
   <solution>
    <solutionId>16-1</solutionId>
    <localNum>D10</localNum>
    <components>
     <component name="Ammonium sulphate" type="precipitant" concentration="2.0" concentrationUnits="M" />
     <component name="Sodium citrate" type="buffer" concentration="0.15" concentrationUnits="M" pH="5.5" />
    </components>
   </solution>
   <solution>
    <solutionId>17-1</solutionId>
    <localNum>A11</localNum>
    <components>
     <component name="Sodium di-Hydrogen Phosphate" type="buffer" concentration="0.8" concentrationUnits="M" pH="7.0" />
     <component name="di-Potassium Hydrogen Phosphate" type="buffer" concentration="0.8" concentrationUnits="M" pH="7.0" />
    </components>
   </solution>
   <solution>
    <solutionId>18-1</solutionId>
    <localNum>B11</localNum>
    <components>
     <component name="Sodium di-Hydrogen Phosphate" type="buffer" concentration="0.8" concentrationUnits="M" pH="7.0" />
     <component name="di-Potassium Hydrogen Phosphate" type="buffer" concentration="0.8" concentrationUnits="M" pH="7.0" />
    </components>
   </solution>
   <solution>
    <solutionId>19-1</solutionId>
    <localNum>C11</localNum>
    <components>
     <component name="Sodium di-Hydrogen Phosphate" type="buffer" concentration="0.8" concentrationUnits="M" pH="7.0" />
     <component name="di-Potassium Hydrogen Phosphate" type="buffer" concentration="0.8" concentrationUnits="M" pH="7.0" />
    </components>
   </solution>
   <solution>
    <solutionId>20-1</solutionId>
    <localNum>D11</localNum>
    <components>
     <component name="Sodium di-Hydrogen Phosphate" type="buffer" concentration="0.8" concentrationUnits="M" pH="7.0" />
     <component name="di-Potassium Hydrogen Phosphate" type="buffer" concentration="0.8" concentrationUnits="M" pH="7.0" />
    </components>
   </solution>
   <solution>
    <solutionId>21-1</solutionId>
    <localNum>A12</localNum>
    <components>
     <component name="tri-Sodium Citrate" type="precipitant" concentration="0.75" concentrationUnits="M" />
     <component name="Sodium Borate" type="buffer" concentration="0.01" concentrationUnits="M" pH="8.5" />
    </components>
   </solution>
   <solution>
    <solutionId>22-1</solutionId>
    <localNum>B12</localNum>
    <components>
     <component name="tri-Sodium Citrate" type="precipitant" concentration="1.0" concentrationUnits="M" />
     <component name="Sodium Borate" type="buffer" concentration="0.01" concentrationUnits="M" pH="8.5" />
    </components>
   </solution>
   <solution>
    <solutionId>23-1</solutionId>
    <localNum>C12</localNum>
    <components>
     <component name="tri-Sodium Citrate" type="precipitant" concentration="1.2" concentrationUnits="M" />
     <component name="Sodium Borate" type="buffer" concentration="0.01" concentrationUnits="M" pH="8.5" />
    </components>
   </solution>
   <solution>
    <solutionId>24-1</solutionId>
    <localNum>D12</localNum>
    <components>
     <component name="tri-Sodium Citrate" type="precipitant" concentration="1.5" concentrationUnits="M" />
     <component name="Sodium borate" type="buffer" concentration="0.01" concentrationUnits="M" pH="8.5" />
    </components>
   </solution>
   <solution>
    <solutionId>A1</solutionId>
    <localNum>E07</localNum>
    <components>
     <component name="Acetate" type="buffer" concentration="0.1" concentrationUnits="M" pH="4.2" />
    </components>
   </solution>
   <solution>
    <solutionId>A2</solutionId>
    <localNum>E08</localNum>
    <components>
     <component name="Acetate" type="buffer" concentration="0.1" concentrationUnits="M" pH="4.6" />
    </components>
   </solution>
   <solution>
    <solutionId>A3</solutionId>
    <localNum>E09</localNum>
    <components>
     <component name="Acetate" type="buffer" concentration="0.1" concentrationUnits="M" pH="5.0" />
    </components>
   </solution>
   <solution>
    <solutionId>A4</solutionId>
    <localNum>E10</localNum>
    <components>
     <component name="Imidazole" type="buffer" concentration="0.1" concentrationUnits="M" pH="5.5" />
    </components>
   </solution>
   <solution>
    <solutionId>A5</solutionId>
    <localNum>E11</localNum>
    <components>
     <component name="Citrate" type="buffer" concentration="0.1" concentrationUnits="M" pH="5.6" />
    </components>
   </solution>
   <solution>
    <solutionId>A6</solutionId>
    <localNum>E12</localNum>
    <components>
     <component name="Acetate" type="buffer" concentration="0.1" concentrationUnits="M" pH="6.0" />
    </components>
   </solution>
   <solution>
    <solutionId>B1</solutionId>
    <localNum>F07</localNum>
    <components>
     <component name="bis-Tris" type="buffer" concentration="0.1" concentrationUnits="M" pH="6.1" />
    </components>
   </solution>
   <solution>
    <solutionId>B2</solutionId>
    <localNum>F08</localNum>
    <components>
     <component name="PIPES" type="buffer" concentration="0.1" concentrationUnits="M" pH="6.5" />
    </components>
   </solution>
   <solution>
    <solutionId>B3</solutionId>
    <localNum>F09</localNum>
    <components>
     <component name="MES" type="buffer" concentration="0.1" concentrationUnits="M" pH="6.5" />
    </components>
   </solution>
   <solution>
    <solutionId>B4</solutionId>
    <localNum>F10</localNum>
    <components>
     <component name="Sodium Cacodylate" type="buffer" concentration="0.1" concentrationUnits="M" pH="6.5" />
    </components>
   </solution>
   <solution>
    <solutionId>B5</solutionId>
    <localNum>F11</localNum>
    <components>
     <component name="bis-Tris Propane" type="buffer" concentration="0.1" concentrationUnits="M" pH="7.0" />
    </components>
   </solution>
   <solution>
    <solutionId>B6</solutionId>
    <localNum>F12</localNum>
    <components>
     <component name="MOPS" type="buffer" concentration="0.1" concentrationUnits="M" pH="7.0" />
    </components>
   </solution>

   <solution>
    <solutionId>C1</solutionId>
    <localNum>G07</localNum>
    <components>
     <component name="Imidazole" type="buffer" concentration="0.1" concentrationUnits="M" pH="7.0" />
    </components>
   </solution>
   <solution>
    <solutionId>C2</solutionId>
    <localNum>G08</localNum>
    <components>
     <component name="Triethanolamine" type="buffer" concentration="0.1" concentrationUnits="M" pH="7.5" />
    </components>
   </solution>
   <solution>
    <solutionId>C3</solutionId>
    <localNum>G09</localNum>
    <components>
     <component name="HEPES" type="buffer" concentration="0.1" concentrationUnits="M" pH="7.5" />
    </components>
   </solution>
   <solution>
    <solutionId>C4</solutionId>
    <localNum>G10</localNum>
    <components>
     <component name="Sodium di-Hydrogen Phosphate" type="buffer" concentration="0.1" concentrationUnits="M" pH="7.5" />
     <component name="di-Potassium Hydrogen Phosphate" type="buffer" concentration="0.1" concentrationUnits="M" pH="7.5" />
    </components>
   </solution>
   <solution>
    <solutionId>C5</solutionId>
    <localNum>G11</localNum>
    <components>
     <component name="Tris" type="buffer" concentration="0.1" concentrationUnits="M" pH="8.0" />
    </components>
   </solution>
   <solution>
    <solutionId>C6</solutionId>
    <localNum>G12</localNum>
    <components>
     <component name="Imidazole" type="buffer" concentration="0.1" concentrationUnits="M" pH="6.0" />
    </components>
   </solution>
   <solution>
    <solutionId>D1</solutionId>
    <localNum>H07</localNum>
    <components>
     <component name="Tris" type="buffer" concentration="0.1" concentrationUnits="M" pH="8.5" />
    </components>
   </solution>
   <solution>
    <solutionId>D2</solutionId>
    <localNum>H08</localNum>
    <components>
     <component name="Tricine" type="buffer" concentration="0.1" concentrationUnits="M" pH="8.5" />
    </components>
   </solution>
   <solution>
    <solutionId>D3</solutionId>
    <localNum>H09</localNum>
    <components>
     <component name="EPPS" type="buffer" concentration="0.1" concentrationUnits="M" pH="8.5" />
    </components>
   </solution>
   <solution>
    <solutionId>D4</solutionId>
    <localNum>H10</localNum>
    <components>
     <component name="CHES" type="buffer" concentration="0.1" concentrationUnits="M" pH="9.0" />
    </components>
   </solution>
   <solution>
    <solutionId>D5</solutionId>
    <localNum>H11</localNum>
    <components>
     <component name="CHES" type="buffer" concentration="0.1" concentrationUnits="M" pH="9.5" />
    </components>
   </solution>
   <solution>
    <solutionId>D6</solutionId>
    <localNum>H12</localNum>
    <components>
     <component name="CAPS" type="buffer" concentration="0.1" concentrationUnits="M" pH="10.0" />
    </components>
   </solution>
  </solutions>
 </screen>
